player_id,Player,Pos,School,Ht,Wt,40yd,Vertical,Bench,Broad Jump,3Cone,Shuttle,conference,games_played,tackles,tackles_for_loss,sacks,forced_fumbles,arm_length,hand_size,5year_approx_value,40yd_done,Vertical_done,Bench_done,Broad Jump_done,3Cone_done,Shuttle_done
11,Cliff Avril,EDGE,Purdue,75,253,4.51,32.5,27.0,117.0,6.9,4.51,Power 5,37,4.243243243243243,0.8783783783783784,0.33783783783783783,0.13513513513513514,34.625,9.75,28.0,1,1,1,1,1,1
24,Kroy Biermann,EDGE,Montana,75,246,4.85,31.5,29.0,112.0,7.08,4.56,FCS,52,4.230769230769231,0.8653846153846154,0.6153846153846154,0.17307692307692307,31.5,9.75,18.0,1,1,1,1,1,1
54,Calais Campbell,EDGE,Miami (FL),80,290,5.04,29.5,16.0,111.0,7.45,4.69,Power 5,36,3.5833333333333335,1.0833333333333333,0.5416666666666666,0.1388888888888889,35.75,9.5,32.0,1,1,1,1,1,1
72,Angelo Craig,EDGE,Cincinnati,76,252,5.07,30.5,21.0,118.0,7.208514851485148,4.396206896551725,Power 5,34,2.2941176470588234,0.5,0.20588235294117646,0.0,33.375,9.5,0.0,1,1,1,1,0,0
92,Chris Ellis,EDGE,Virginia Tech,76,263,4.71,27.0,24.088372093023256,109.0,7.64,4.65,Power 5,39,3.3846153846153846,0.717948717948718,0.48717948717948717,0.1282051282051282,32.75,9.5,2.0,1,1,0,1,1,1
111,Vernon Gholston,EDGE,Ohio State,75,266,4.65,35.5,37.0,125.0,7.12,4.4,Power 5,31,2.806451612903226,0.9838709677419355,0.7258064516129032,0.0,34.0,10.0,6.0,1,1,1,1,1,1
132,Chris Harrington,EDGE,Texas A&M,76,264,4.84,33.55744680851064,21.0,117.0,7.208514851485148,4.396206896551725,Power 5,37,3.8378378378378377,0.7162162162162162,0.36486486486486486,0.10810810810810811,33.5,9.625,0.0,1,0,1,1,0,0
135,Derrick Harvey,EDGE,Florida,77,271,4.84,28.5,31.0,113.0,7.27,4.36,Power 5,36,2.5,0.875,0.5694444444444444,0.05555555555555555,33.5,10.25,15.0,1,1,1,1,1,1
151,Marcus Howard,EDGE,Georgia,72,237,4.45,34.5,27.0,117.49130434782609,7.208514851485148,4.396206896551725,Power 5,39,1.9487179487179487,0.3717948717948718,0.32051282051282054,0.10256410256410256,32.5,9.5,1.0,1,1,1,0,0,0
155,Kenny Iwebema,EDGE,Iowa,76,274,4.91,29.0,26.0,109.0,7.62,4.75,Power 5,41,2.5121951219512195,0.4878048780487805,0.32926829268292684,0.07317073170731707,33.25,9.0,2.0,1,1,1,1,1,1
159,Lawrence Jackson,EDGE,USC,76,271,4.82,31.0,31.0,108.0,7.08,4.4,Power 5,52,2.8461538461538463,0.7788461538461539,0.47115384615384615,0.1346153846153846,33.5,9.625,16.0,1,1,1,1,1,1
170,Jason Jones,EDGE,East. Michigan,77,273,4.76,25.5,18.0,123.0,7.29,4.32,Group of 5,45,3.8666666666666667,1.1111111111111112,0.3111111111111111,0.06666666666666667,36.375,9.375,18.0,1,1,1,1,1,1
181,Kendall Langford,EDGE,Hampton,77,287,4.95,27.0,24.0,114.0,7.72,4.69,FCS,47,5.0212765957446805,1.202127659574468,0.5,0.19148936170212766,33.875,8.375,32.0,1,1,1,1,1,1
190,Chris Long,EDGE,Virginia,75,272,4.75,34.0,24.088372093023256,124.0,7.02,4.21,Power 5,37,4.918918918918919,0.9864864864864865,0.5405405405405406,0.08108108108108109,32.75,10.25,33.0,1,1,0,1,1,1
209,Phillip Merling,EDGE,Clemson,76,276,4.73,33.55744680851064,17.0,117.49130434782609,7.208514851485148,4.396206896551725,Power 5,38,2.9210526315789473,0.6842105263157895,0.3026315789473684,0.13157894736842105,33.5,10.25,6.0,1,0,1,0,0,0
281,Bryan Smith,EDGE,McNeese State,74,231,4.74,32.5,17.0,120.0,7.22,4.4,FCS,44,3.25,0.9204545454545454,0.6363636363636364,0.13636363636363635,33.25,9.75,1.0,1,1,1,1,1,1
304,Jeremy Thompson,EDGE,Wake Forest,76,264,4.75,32.0,25.0,117.0,6.97,4.23,Power 5,46,2.0869565217391304,0.3804347826086957,0.16304347826086957,0.06521739130434782,35.375,10.0,1.0,1,1,1,1,1,1
335,Robert Ayers,EDGE,Tennessee,75,272,4.77,29.5,18.0,102.0,7.56,4.51,Power 5,48,2.3541666666666665,0.65625,0.1875,0.0,33.0,10.0,16.0,1,1,1,1,1,1
339,Connor Barwin,EDGE,Cincinnati,76,256,4.47,40.5,21.0,128.0,6.87,4.18,Power 5,14,3.5,1.0357142857142858,0.7857142857142857,0.0,33.75,10.0,26.0,1,1,1,1,1,1
364,Everette Brown,EDGE,Florida State,73,256,4.65,31.5,26.0,114.0,7.55,4.53,Power 5,39,2.5384615384615383,1.1923076923076923,0.5897435897435898,0.1282051282051282,33.0,10.25,6.0,1,1,1,1,1,1
404,Will Davis,EDGE,Illinois,74,261,4.84,33.0,27.0,115.0,7.38,4.45,Power 5,37,2.5675675675675675,0.6216216216216216,0.40540540540540543,0.08108108108108109,32.625,9.25,3.0,1,1,1,1,1,1
437,Jarron Gilbert,EDGE,San Jose State,77,288,4.81,35.5,28.0,119.0,7.7,4.56,Group of 5,47,3.0851063829787235,0.8936170212765957,0.4574468085106383,0.06382978723404255,34.25,10.25,0.0,1,1,1,1,1,1
473,Tyson Jackson,EDGE,LSU,76,296,4.94,28.5,24.088372093023256,102.0,7.64,4.8,Power 5,53,2.2830188679245285,0.5,0.32075471698113206,0.03773584905660377,36.75,10.75,26.0,1,1,0,1,1,1
488,Michael Johnson,EDGE,Georgia Tech,79,266,4.61,38.5,28.0,128.0,7.42,4.37,Power 5,50,2.14,0.61,0.38,0.2,34.375,10.25,31.0,1,1,1,1,1,1
498,Paul Kruger,EDGE,Utah,76,263,4.79,32.5,24.0,108.0,7.52,4.47,Power 5,26,4.769230769230769,0.9230769230769231,0.40384615384615385,0.11538461538461539,32.75,9.5,15.0,1,1,1,1,1,1
521,Clay Matthews,EDGE,USC,75,240,4.58,35.5,23.0,121.0,6.9,4.18,Power 5,47,2.0638297872340425,0.2872340425531915,0.11702127659574468,0.0851063829787234,32.25,9.5,50.0,1,1,1,1,1,1
524,Aaron Maybin,EDGE,Penn State,76,249,4.64,38.0,22.0,124.0,7.52,4.38,Power 5,26,2.3461538461538463,0.9423076923076923,0.6153846153846154,0.15384615384615385,35.25,10.125,5.0,1,1,1,1,1,1
544,Kyle Moore,EDGE,USC,77,272,4.76,30.5,22.0,105.0,7.4,4.47,Power 5,49,1.5510204081632653,0.2653061224489796,0.14285714285714285,0.02040816326530612,33.25,9.75,8.0,1,1,1,1,1,1
562,Brian Orakpo,EDGE,Texas,75,263,4.63,39.5,31.0,117.49130434782609,7.208514851485148,4.396206896551725,Power 5,47,2.1914893617021276,0.7340425531914894,0.48936170212765956,0.1276595744680851,33.5,9.5,36.0,1,1,1,0,0,0
598,Matt Shaughnessy,EDGE,Wisconsin,77,266,4.86,30.5,24.0,112.0,7.68,4.88,Power 5,51,3.196078431372549,0.5980392156862745,0.2647058823529412,0.0784313725490196,35.625,10.75,21.0,1,1,1,1,1,1
601,Lawrence Sidbury,EDGE,Richmond,74,266,4.53,35.0,28.0,120.0,7.46,4.43,FCS,45,2.7333333333333334,0.6555555555555556,0.5666666666666667,0.15555555555555556,35.625,10.75,5.0,1,1,1,1,1,1
614,Stryker Sulak,EDGE,Missouri,76,251,4.63,31.0,22.0,113.0,7.31,4.58,Power 5,52,3.519230769230769,0.6826923076923077,0.41346153846153844,0.25,32.25,9.5,0.0,1,1,1,1,1,1
633,David Veikune,EDGE,Hawaii,74,257,4.75,33.0,35.0,110.0,7.2,4.46,Group of 5,41,2.8536585365853657,0.6829268292682927,0.43902439024390244,0.0975609756097561,33.25,10.375,1.0,1,1,1,1,1,1
646,Brandon Williams,EDGE,Texas Tech,74,261,4.78,33.0,24.088372093023256,112.0,7.23,4.49,Power 5,39,2.1794871794871793,0.782051282051282,0.5641025641025641,0.1794871794871795,32.5,8.625,0.0,1,1,0,1,1,1
657,Jarius Wynn,EDGE,Georgia,75,275,4.94,31.5,19.0,107.0,7.4,4.58,Power 5,26,1.2692307692307692,0.19230769230769232,0.15384615384615385,0.0,33.25,9.25,7.0,1,1,1,1,1,1
708,Alex Carrington,EDGE,Arkansas State,77,285,4.92,33.55744680851064,26.0,117.49130434782609,7.208514851485148,4.396206896551725,Group of 5,48,2.6875,0.59375,0.3229166666666667,0.10416666666666667,33.25,10.5,7.0,1,0,1,0,0,0
730,Jermaine Cunningham,EDGE,Florida,75,266,4.89,33.55744680851064,24.088372093023256,117.49130434782609,7.208514851485148,4.396206896551725,Power 5,45,3.3555555555555556,0.7333333333333333,0.4111111111111111,0.1111111111111111,33.75,10.375,8.0,1,0,0,0,0,0
734,Hall Davis,EDGE,Louisiana-Lafayette,76,271,4.84,33.55744680851064,28.0,117.49130434782609,7.208514851485148,4.396206896551725,Group of 5,47,1.2553191489361701,0.22340425531914893,0.1276595744680851,0.0425531914893617,33.75,10.25,0.0,1,0,1,0,0,0
746,Carlos Dunlap,EDGE,Florida,78,277,4.68,31.5,21.0,111.0,7.21,4.61,Power 5,39,2.1538461538461537,0.6666666666666666,0.5,0.05128205128205128,34.625,10.0,28.0,1,1,1,1,1,1
757,Clifton Geathers,EDGE,South Carolina,79,299,4.98,36.0,26.0,112.0,7.69,4.396206896551725,Power 5,34,2.1176470588235294,0.35294117647058826,0.17647058823529413,0.08823529411764706,37.75,11.125,1.0,1,1,1,1,1,0
765,Brandon Graham,EDGE,Michigan,73,268,4.71,33.55744680851064,31.0,117.49130434782609,7.208514851485148,4.396206896551725,Power 5,46,3.0,1.2173913043478262,0.6413043478260869,0.17391304347826086,32.25,9.875,10.0,1,0,1,0,0,0
772,Everson Griffen,EDGE,USC,75,273,4.65,33.55744680851064,32.0,117.49130434782609,7.208514851485148,4.396206896551725,Power 5,36,2.3333333333333335,0.5833333333333334,0.5,0.08333333333333333,32.625,10.0,18.0,1,0,1,0,0,0
779,Greg Hardy,EDGE,Mississippi,76,281,4.82,35.0,21.0,117.0,7.25,4.65,Power 5,40,3.675,0.9875,0.6625,0.175,34.0,9.75,29.0,1,1,1,1,1,1
788,Jerry Hughes,EDGE,TCU,74,255,4.65,34.5,26.0,118.0,6.99,4.15,Power 5,49,2.8979591836734695,0.826530612244898,0.5816326530612245,0.16326530612244897,33.0,9.75,19.0,1,1,1,1,1,1
811,Jammie Kirlew,EDGE,Indiana,73,260,5.05,33.0,26.0,111.0,7.5,4.74,Power 5,48,4.583333333333333,1.09375,0.4791666666666667,0.1875,33.25,9.625,0.0,1,1,1,1,1,1
827,Erik Lorig,EDGE,Stanford,75,281,4.86,33.55744680851064,24.088372093023256,117.49130434782609,7.208514851485148,4.396206896551725,Power 5,41,2.317073170731707,0.4146341463414634,0.14634146341463414,0.04878048780487805,32.5,10.125,2.0,1,0,0,0,0,0
858,Derrick Morgan,EDGE,Georgia Tech,75,266,4.77,34.0,24.088372093023256,112.0,7.12,4.43,Power 5,39,2.948717948717949,0.7564102564102564,0.5,0.05128205128205128,34.5,9.75,24.0,1,1,0,1,1,1
881,Jason Pierre-Paul,EDGE,South Florida,77,270,4.71,30.5,19.0,115.0,7.18,4.67,Power 5,13,3.4615384615384617,1.2692307692307692,0.5,0.15384615384615385,34.75,10.375,40.0,1,1,1,1,1,1
907,George Selvie,EDGE,South Florida,76,252,4.93,30.5,24.0,109.0,7.48,4.63,Power 5,51,4.03921568627451,1.3529411764705883,0.5588235294117647,0.1568627450980392,34.5,9.375,5.0,1,1,1,1,1,1
928,Daniel Te'o-Nesheim,EDGE,Washington,75,263,4.73,37.0,29.0,121.0,6.91,4.18,Power 5,49,3.9591836734693877,0.9387755102040817,0.5918367346938775,0.16326530612244897,33.75,10.5,12.0,1,1,1,1,1,1
941,Adrian Tracy,EDGE,William & Mary,75,248,4.76,35.5,20.0,110.0,7.08,4.34,FCS,46,3.5,0.7065217391304348,0.5108695652173914,0.1956521739130435,33.5,9.5,1.0,1,1,1,1,1,1
970,C.J. Wilson,EDGE,East Carolina,75,290,4.83,33.0,32.0,116.0,7.208514851485148,4.77,Group of 5,54,3.5555555555555554,0.8425925925925926,0.5,0.07407407407407407,33.125,10.0,12.0,1,1,1,1,0,1
971,E.J. Wilson,EDGE,North Carolina,74,286,4.97,29.5,23.0,117.49130434782609,7.208514851485148,4.396206896551725,Power 5,50,3.0,0.58,0.24,0.12,32.75,10.0,0.0,1,1,1,0,0,0
978,Corey Wootton,EDGE,Northwestern,78,270,4.92,33.55744680851064,20.0,117.49130434782609,7.208514851485148,4.396206896551725,Power 5,53,2.943396226415094,0.7169811320754716,0.36792452830188677,0.05660377358490566,34.75,10.25,0.0,1,0,1,0,0,0
979,Jason Worilds,EDGE,Virginia Tech,73,254,4.65,38.0,24.0,114.0,6.95,4.29,Power 5,39,3.282051282051282,0.8717948717948718,0.38461538461538464,0.07692307692307693,32.875,9.25,24.0,1,1,1,1,1,1
983,Willie Young,EDGE,North Carolina State,77,251,4.88,38.0,25.0,118.0,7.24,4.56,Power 5,49,3.9591836734693877,0.9387755102040817,0.40816326530612246,0.08163265306122448,34.5,10.25,14.0,1,1,1,1,1,1
984,Sam Acho,EDGE,Texas,74,262,4.67,33.5,23.0,112.0,6.69,4.32,Power 5,49,2.795918367346939,0.6632653061224489,0.42857142857142855,0.16326530612244897,33.5,9.75,24.0,1,1,1,1,1,1
997,Allen Bailey,EDGE,Miami (FL),75,285,4.71,36.5,27.0,117.0,7.43,4.56,Power 5,50,2.14,0.62,0.38,0.04,32.5,9.5,19.0,1,1,1,1,1,1
1001,Christian Ballard,EDGE,Iowa,76,283,4.75,31.5,24.088372093023256,111.0,7.54,4.51,Power 5,49,3.122448979591837,0.4387755102040816,0.24489795918367346,0.04081632653061224,33.0,10.125,3.0,1,1,0,1,1,1
1004,Jeremy Beal,EDGE,Oklahoma,74,262,5.14,28.5,22.0,106.0,7.19,4.46,Power 5,54,4.148148148148148,1.0833333333333333,0.5370370370370371,0.18518518518518517,33.125,9.875,0.0,1,1,1,1,1,1
1012,Da'Quan Bowers,EDGE,Clemson,75,280,4.92,33.55744680851064,22.0,117.49130434782609,7.208514851485148,4.396206896551725,Power 5,38,3.9473684210526314,1.1710526315789473,0.5131578947368421,0.02631578947368421,33.125,10.25,7.0,1,0,1,0,0,0
1043,Adrian Clayborn,EDGE,Iowa,75,281,4.78,33.0,24.088372093023256,113.0,7.3,4.13,Power 5,50,3.84,0.75,0.38,0.14,32.5,9.75,16.0,1,1,0,1,1,1
1066,Ricky Elmore,EDGE,Arizona,76,255,4.88,31.5,26.0,106.0,7.25,4.32,Power 5,51,2.5098039215686274,0.6568627450980392,0.5,0.058823529411764705,31.75,9.125,0.0,1,1,1,1,1,1
1105,Cameron Heyward,EDGE,Ohio State,77,294,4.95,30.0,24.088372093023256,117.49130434782609,7.208514851485148,4.396206896551725,Power 5,52,3.1346153846153846,0.7211538461538461,0.2980769230769231,0.038461538461538464,34.25,10.125,27.0,1,1,0,0,0,0
1115,Justin Houston,EDGE,Georgia,75,270,4.62,36.5,30.0,125.0,6.95,4.37,Power 5,36,3.4722222222222223,1.0555555555555556,0.5555555555555556,0.05555555555555555,34.5,10.875,48.0,1,1,1,1,1,1
1139,Cameron Jordan,EDGE,California,76,287,4.74,31.0,25.0,117.0,7.07,4.37,Power 5,50,3.5,0.68,0.33,0.08,35.0,11.125,42.0,1,1,1,1,1,1
1146,Ryan Kerrigan,EDGE,Purdue,76,267,4.67,33.5,31.0,122.0,7.18,4.39,Power 5,48,4.375,1.1875,0.6979166666666666,0.2916666666666667,33.375,9.5,41.0,1,1,1,1,1,1
1171,Cliff Matthews,EDGE,South Carolina,75,257,4.81,32.0,17.0,112.0,7.21,4.37,Power 5,51,2.9215686274509802,0.5098039215686274,0.30392156862745096,0.13725490196078433,34.0,9.75,3.0,1,1,1,1,1,1
1178,Pernell McPhee,EDGE,Mississippi State,75,278,4.91,28.5,20.0,107.0,7.13,4.59,Power 5,25,3.64,0.88,0.28,0.08,34.375,9.0,17.0,1,1,1,1,1,1
1180,Von Miller,EDGE,Texas A&M,75,246,4.42,37.0,21.0,126.0,6.7,4.06,Power 5,47,3.851063829787234,1.074468085106383,0.7021276595744681,0.2127659574468085,33.5,9.25,64.0,1,1,1,1,1,1
1198,Cheta Ozougwu,EDGE,Rice,74,247,4.84,34.5,26.0,119.0,7.06,4.31,Group of 5,46,4.304347826086956,0.5434782608695652,0.2391304347826087,0.08695652173913043,31.0,9.375,0.0,1,1,1,1,1,1
1214,Robert Quinn,EDGE,North Carolina,76,265,4.62,34.0,22.0,116.0,7.13,4.4,Power 5,25,3.44,1.02,0.52,0.32,34.0,10.125,41.0,1,1,1,1,1,1
1216,Brooks Reed,EDGE,Arizona,74,263,4.65,30.5,30.0,113.0,7.11,4.28,Power 5,45,2.533333333333333,0.5555555555555556,0.37777777777777777,0.1111111111111111,32.25,10.0,28.0,1,1,1,1,1,1
1217,D'Aundre Reed,EDGE,Arizona,76,261,4.84,35.5,30.0,119.0,7.24,4.32,Power 5,46,1.8043478260869565,0.25,0.13043478260869565,0.043478260869565216,33.5,10.25,0.0,1,1,1,1,1,1
1226,Greg Romeus,EDGE,Pittsburgh,77,264,4.79,33.55744680851064,24.088372093023256,117.49130434782609,7.208514851485148,4.396206896551725,Power 5,40,3.55,0.9625,0.4875,0.1,35.0,10.875,0.0,1,0,0,0,0,0
1243,Jabaal Sheard,EDGE,Pittsburgh,75,264,4.68,31.0,24.088372093023256,115.0,7.208514851485148,4.396206896551725,Power 5,45,3.1555555555555554,0.7888888888888889,0.43333333333333335,0.1111111111111111,33.5,10.0,28.0,1,1,0,1,0,0
1252,Aldon Smith,EDGE,Missouri,76,263,4.74,34.0,20.0,118.0,7.19,4.5,Power 5,23,3.4347826086956523,1.0,0.6304347826086957,0.043478260869565216,35.375,9.75,29.0,1,1,1,1,1,1
1287,J.J. Watt,EDGE,Wisconsin,77,290,4.81,37.0,34.0,120.0,6.88,4.21,Power 5,16,6.625,2.28125,0.71875,0.1875,34.0,11.125,90.0,1,1,1,1,1,1
1291,Markus White,EDGE,Florida State,75,266,4.86,32.5,14.0,117.0,7.25,4.51,Power 5,40,3.275,0.7125,0.275,0.075,33.375,10.0,0.0,1,1,1,1,1,1
1317,Frank Alexander,EDGE,Oklahoma,76,270,4.8,33.55744680851064,24.088372093023256,117.49130434782609,7.208514851485148,4.396206896551725,Power 5,48,2.9583333333333335,0.9166666666666666,0.4270833333333333,0.125,35.0,9.75,6.0,1,0,0,0,0,0
1333,Jake Bequette,EDGE,Arkansas,77,274,4.75,34.0,24.088372093023256,113.0,6.9,4.07,Power 5,48,2.625,0.6458333333333334,0.4895833333333333,0.16666666666666666,32.0,9.25,0.0,1,1,0,1,1,1
1345,Andre Branch,EDGE,Clemson,76,259,4.67,32.5,19.0,120.0,7.19,4.25,Power 5,48,3.7291666666666665,0.7083333333333334,0.3645833333333333,0.020833333333333332,34.0,9.0,16.0,1,1,1,1,1,1
1369,Quinton Coples,EDGE,North Carolina,78,284,4.69,31.5,25.0,109.0,7.57,4.78,Power 5,51,2.823529411764706,0.7941176470588235,0.47058823529411764,0.09803921568627451,33.25,10.25,18.0,1,1,1,1,1,1
1374,Jack Crawford,EDGE,Penn State,77,274,4.74,33.0,24.088372093023256,116.0,7.15,4.25,Power 5,36,2.361111111111111,0.7361111111111112,0.3888888888888889,0.027777777777777776,33.75,10.25,9.0,1,1,0,1,1,1
1375,Tyrone Crawford,EDGE,Boise State,76,275,4.82,33.0,28.0,113.0,7.09,4.44,Group of 5,25,3.04,1.08,0.54,0.16,33.75,9.5,21.0,1,1,1,1,1,1
1377,Jared Crick,EDGE,Nebraska,76,279,4.91,31.0,24.088372093023256,104.0,7.47,4.4,Power 5,40,4.175,0.7375,0.5,0.025,32.0,10.125,30.0,1,1,0,1,1,1
1381,Vinny Curry,EDGE,Marshall,75,266,4.87,32.0,24.088372093023256,110.0,6.9,4.4,Group of 5,45,5.311111111111111,1.0888888888888888,0.5888888888888889,0.2222222222222222,32.75,9.25,8.0,1,1,0,1,1,1
1421,Trevor Guyton,EDGE,California,75,285,5.01,31.0,24.088372093023256,105.0,7.45,4.53,Power 5,43,2.116279069767442,0.5813953488372093,0.2558139534883721,0.046511627906976744,33.0,10.25,0.0,1,1,0,1,1,1
1448,Melvin Ingram,EDGE,South Carolina,73,264,4.69,34.5,28.0,109.0,6.83,4.18,Power 5,50,2.22,0.61,0.43,0.02,31.5,9.625,22.0,1,1,1,1,1,1
1449,Bruce Irvin,EDGE,West Virginia,75,245,4.41,33.5,23.0,123.0,6.7,4.03,Power 5,26,2.3461538461538463,1.1153846153846154,0.8653846153846154,0.19230769230769232,33.375,9.625,30.0,1,1,1,1,1,1
1460,Cam Johnson,EDGE,Virginia,75,268,4.75,35.0,24.088372093023256,105.0,7.2,4.38,Power 5,42,3.0952380952380953,0.7738095238095238,0.2976190476190476,0.09523809523809523,33.5,9.0,5.0,1,1,0,1,1,1
1468,Chandler Jones,EDGE,Syracuse,77,266,4.77,35.0,22.0,120.0,7.07,4.38,Power 5,32,4.59375,0.84375,0.3125,0.15625,35.5,10.375,41.0,1,1,1,1,1,1
1485,Ronnell Lewis,EDGE,Oklahoma,74,253,4.65,31.0,36.0,112.0,7.09,4.4,Power 5,34,3.4705882352941178,0.6029411764705882,0.29411764705882354,0.08823529411764706,32.5,9.25,1.0,1,1,1,1,1,1
1501,Jonathan Massaquoi,EDGE,Troy,74,264,4.81,33.5,20.0,120.0,7.38,4.53,Group of 5,48,3.1666666666666665,1.0520833333333333,0.4479166666666667,0.08333333333333333,33.375,10.125,6.0,1,1,1,1,1,1
1515,Whitney Mercilus,EDGE,Illinois,76,261,4.68,32.0,27.0,118.0,7.17,4.53,Power 5,37,2.189189189189189,0.7837837837837838,0.4864864864864865,0.2972972972972973,33.875,9.25,38.0,1,1,1,1,1,1
1540,Nick Perry,EDGE,USC,75,271,4.55,38.5,35.0,124.0,7.25,4.66,Power 5,37,2.7837837837837838,0.7972972972972973,0.581081081081081,0.13513513513513514,33.0,9.5,16.0,1,1,1,1,1,1
1585,Scott Solomon,EDGE,Rice,75,262,4.88,35.0,34.0,124.0,7.17,4.25,Group of 5,47,4.404255319148936,0.925531914893617,0.5106382978723404,0.0851063829787234,31.625,9.5,2.0,1,1,1,1,1,1
1611,Courtney Upshaw,EDGE,Alabama,74,272,4.74,33.55744680851064,22.0,117.49130434782609,7.208514851485148,4.396206896551725,Power 5,53,2.660377358490566,0.6886792452830188,0.330188679245283,0.11320754716981132,32.0,9.0,29.0,1,0,1,0,0,0
1612,Olivier Vernon,EDGE,Miami (FL),74,261,4.73,34.5,31.0,122.0,7.39,4.5,Power 5,30,2.7,0.6833333333333333,0.3,0.03333333333333333,33.0,10.125,37.0,1,1,1,1,1,1
1627,Billy Winn,EDGE,Boise State,76,294,4.86,27.0,24.0,107.0,7.37,4.44,Group of 5,53,2.509433962264151,0.6886792452830188,0.3018867924528302,0.05660377358490566,32.5,9.0,16.0,1,1,1,1,1,1
1646,Ziggy Ansah,EDGE,BYU,77,271,4.56,34.5,21.0,118.0,7.11,4.26,Group of 5,31,2.3225806451612905,0.41935483870967744,0.14516129032258066,0.03225806451612903,35.125,10.25,39.0,1,1,1,1,1,1
1661,David Bass,EDGE,Missouri Western State,76,262,4.84,30.5,20.0,111.0,7.07,4.33,FCS,44,4.136363636363637,1.1363636363636365,0.6704545454545454,0.22727272727272727,33.5,10.5,10.0,1,1,1,1,1,1
1679,Armonty Bryant,EDGE,East Central (OK),76,263,4.86,31.5,24.088372093023256,118.0,7.32,5.0,FCS,38,4.105263157894737,1.513157894736842,0.8552631578947368,0.2631578947368421,35.75,9.75,5.0,1,1,0,1,1,1
1680,Michael Buchanan,EDGE,Illinois,77,255,4.78,33.0,22.0,113.0,6.91,4.44,Power 5,46,3.5,0.5652173913043478,0.30434782608695654,0.043478260869565216,34.0,9.875,2.0,1,1,1,1,1,1
1685,Tank Carradine,EDGE,Florida State,76,276,4.9,33.55744680851064,28.0,117.49130434782609,7.208514851485148,4.396206896551725,Power 5,25,4.72,0.84,0.66,0.04,34.75,10.25,7.0,1,0,1,0,0,0
1703,Lavar Edwards,EDGE,LSU,76,277,4.8,33.0,24.088372093023256,119.0,7.03,4.51,Power 5,52,1.8461538461538463,0.38461538461538464,0.20192307692307693,0.038461538461538464,34.5,9.875,1.0,1,1,0,1,1,1
1725,William Gholston,EDGE,Michigan State,78,281,4.96,28.5,23.0,110.0,7.2,4.59,Power 5,36,3.9444444444444446,0.8333333333333334,0.2777777777777778,0.05555555555555555,34.0,10.375,22.0,1,1,1,1,1,1
1731,Malliciah Goodman,EDGE,Clemson,76,276,4.87,31.5,26.0,114.0,7.208514851485148,4.396206896551725,Power 5,54,2.3518518518518516,0.42592592592592593,0.2222222222222222,0.14814814814814814,36.375,11.0,5.0,1,1,1,1,0,0
1759,Margus Hunt,EDGE,SMU,80,277,4.62,34.5,38.0,121.0,7.07,4.51,Group of 5,53,2.1132075471698113,0.5283018867924528,0.3113207547169811,0.03773584905660377,33.75,10.0,7.0,1,1,1,1,1,1
1769,Brandon Jenkins,EDGE,Florida State,74,251,5.07,33.55744680851064,18.0,117.49130434782609,7.208514851485148,4.396206896551725,Power 5,40,2.975,0.9375,0.5625,0.05,33.25,9.25,0.0,1,0,1,0,0,0
1784,Datone Jones,EDGE,UCLA,76,283,4.8,31.5,29.0,112.0,7.32,4.32,Power 5,51,2.9019607843137254,0.7156862745098039,0.24509803921568626,0.058823529411764705,32.75,10.0,11.0,1,1,1,1,1,1
1787,Dion Jordan,EDGE,Oregon,78,248,4.54,32.5,24.088372093023256,122.0,7.02,4.35,Power 5,45,2.688888888888889,0.6444444444444445,0.32222222222222224,0.08888888888888889,33.875,10.0,4.0,1,1,0,1,1,1
1796,Joe Kruger,EDGE,Utah,78,269,4.83,34.0,24.0,117.0,7.17,4.46,Power 5,37,1.864864864864865,0.3783783783783784,0.24324324324324326,0.08108108108108109,34.375,10.0,0.0,1,1,1,1,1,1
1801,Corey Lemonier,EDGE,Auburn,75,255,4.6,33.0,27.0,119.0,7.14,4.4,Power 5,39,2.5128205128205128,0.6153846153846154,0.4358974358974359,0.1794871794871795,34.5,10.125,4.0,1,1,1,1,1,1
1817,Stansly Maponga,EDGE,TCU,74,256,4.78,33.55744680851064,30.0,117.49130434782609,7.208514851485148,4.396206896551725,Power 5,36,3.138888888888889,0.6388888888888888,0.4305555555555556,0.2222222222222222,32.5,9.25,2.0,1,0,1,0,0,0
1837,Barkevious Mingo,EDGE,LSU,76,241,4.58,37.0,24.088372093023256,128.0,6.84,4.39,Power 5,40,2.975,0.725,0.375,0.1,33.75,9.625,16.0,1,1,0,1,1,1
1840,Sam Montgomery,EDGE,LSU,75,262,4.81,34.5,24.088372093023256,114.0,7.18,4.51,Power 5,31,3.3548387096774195,1.0483870967741935,0.6129032258064516,0.0967741935483871,33.875,9.25,0.0,1,1,0,1,1,1
1842,Damontre Moore,EDGE,Texas A&M,76,250,4.95,35.5,12.0,122.0,7.208514851485148,4.396206896551725,Power 5,38,5.184210526315789,1.1842105263157894,0.6973684210526315,0.21052631578947367,34.75,10.25,5.0,1,1,1,1,0,0
1848,Alex Okafor,EDGE,Texas,76,264,4.78,33.55744680851064,21.0,117.49130434782609,7.208514851485148,4.396206896551725,Power 5,52,2.8846153846153846,0.6538461538461539,0.4423076923076923,0.1346153846153846,33.875,9.625,20.0,1,0,1,0,0,0
1891,Quanterus Smith,EDGE,Western Kentucky,77,250,4.74,33.55744680851064,24.088372093023256,117.49130434782609,7.208514851485148,4.396206896551725,Group of 5,46,2.9347826086956523,0.8913043478260869,0.5217391304347826,0.10869565217391304,33.25,10.375,1.0,1,0,0,0,0,0
1911,Devin Taylor,EDGE,South Carolina,79,266,4.72,35.0,14.0,128.0,6.89,4.3,Power 5,52,3.0961538461538463,0.6826923076923077,0.3557692307692308,0.038461538461538464,36.0,10.375,13.0,1,1,1,1,1,1
1934,Cornelius Washington,EDGE,Georgia,76,265,4.55,39.0,36.0,128.0,7.208514851485148,4.396206896551725,Power 5,51,1.4901960784313726,0.3333333333333333,0.20588235294117646,0.0,34.0,9.5,5.0,1,1,1,1,0,0
1940,Bjoern Werner,EDGE,Florida State,75,266,4.83,31.0,25.0,111.0,7.3,4.4,Power 5,41,2.4146341463414633,0.8536585365853658,0.573170731707317,0.07317073170731707,33.25,9.625,10.0,1,1,1,1,1,1
1955,Tourek Williams,EDGE,Florida International,75,260,4.92,33.0,25.0,112.0,7.208514851485148,4.396206896551725,Group of 5,49,3.061224489795918,0.9183673469387755,0.3673469387755102,0.04081632653061224,32.5,9.5,5.0,1,1,1,1,0,0
1978,Jeremiah Attaochu,EDGE,Georgia Tech,75,252,4.763778625954199,33.55744680851064,24.088372093023256,117.49130434782609,7.208514851485148,4.396206896551725,Power 5,49,4.0,0.8877551020408163,0.6428571428571429,0.08163265306122448,33.0,9.875,9.0,0,0,0,0,0,0
2019,Will Clarke,EDGE,West Virginia,78,271,4.77,32.0,22.0,112.0,7.26,4.57,Power 5,37,2.972972972972973,0.7702702702702703,0.25675675675675674,0.02702702702702703,34.625,9.875,6.0,1,1,1,1,1,1
2021,Jadeveon Clowney,EDGE,South Carolina,77,266,4.53,37.5,21.0,124.0,7.27,4.43,Power 5,36,3.5833333333333335,1.3055555555555556,0.6666666666666666,0.25,34.5,10.0,42.0,1,1,1,1,1,1
2031,Scott Crichton,EDGE,Oregon State,75,273,4.84,31.5,24.0,108.0,7.19,4.29,Power 5,38,4.342105263157895,1.3421052631578947,0.618421052631579,0.2631578947368421,32.75,10.125,2.0,1,1,1,1,1,1
2044,Kony Ealy,EDGE,Missouri,76,273,4.92,31.0,22.0,114.0,6.83,4.45,Power 5,39,2.4615384615384617,0.717948717948718,0.34615384615384615,0.15384615384615385,34.25,9.5,13.0,1,1,1,1,1,1
2051,I.K. Enemkpali,EDGE,Louisiana Tech,73,261,4.86,34.0,28.0,112.0,7.67,4.65,Group of 5,48,3.0833333333333335,0.6666666666666666,0.3645833333333333,0.041666666666666664,33.125,9.75,1.0,1,1,1,1,1,1
2064,Dee Ford,EDGE,Auburn,74,252,4.763778625954199,33.55744680851064,24.088372093023256,117.49130434782609,7.208514851485148,4.396206896551725,Power 5,52,1.7884615384615385,0.5288461538461539,0.3942307692307692,0.057692307692307696,32.875,10.25,22.0,0,0,0,0,0,0
2090,Taylor Hart,EDGE,Oregon,78,281,4.92,33.55744680851064,21.0,117.49130434782609,7.208514851485148,4.396206896551725,Power 5,52,3.326923076923077,0.4230769230769231,0.3076923076923077,0.09615384615384616,32.75,10.125,1.0,1,0,1,0,0,0
2142,Demarcus Lawrence,EDGE,Boise State,75,251,4.8,34.5,20.0,113.0,7.46,4.31,Group of 5,23,5.217391304347826,1.4782608695652173,0.8695652173913043,0.30434782608695654,33.75,11.0,35.0,1,1,1,1,1,1
2158,Aaron Lynch,EDGE,South Florida,77,249,4.76,33.55744680851064,18.0,117.49130434782609,7.208514851485148,4.396206896551725,Group of 5,24,2.5833333333333335,0.7916666666666666,0.4375,0.041666666666666664,34.0,10.25,13.0,1,0,1,0,0,0
2161,Khalil Mack,EDGE,Buffalo,75,251,4.65,40.0,23.0,128.0,7.08,4.18,Group of 5,48,6.8125,1.5520833333333333,0.59375,0.3333333333333333,33.25,10.25,66.0,1,1,1,1,1,1
2165,Cassius Marsh,EDGE,UCLA,76,252,4.89,32.0,14.0,108.0,7.08,4.25,Power 5,51,2.9215686274509802,0.4411764705882353,0.29411764705882354,0.0392156862745098,32.75,9.5,11.0,1,1,1,1,1,1
2166,Kareem Martin,EDGE,North Carolina,78,272,4.72,35.5,22.0,129.0,7.2,4.33,Power 5,49,3.63265306122449,0.9285714285714286,0.3979591836734694,0.08163265306122448,35.0,10.0,13.0,1,1,1,1,1,1
2185,Zach Moore,EDGE,Concordia (MN),77,269,4.84,33.5,23.0,123.0,7.41,4.46,FCS,43,2.9069767441860463,0.9767441860465116,0.7674418604651163,0.09302325581395349,33.75,9.625,3.0,1,1,1,1,1,1
2192,Trent Murphy,EDGE,Stanford,77,250,4.86,35.5,19.0,118.0,6.78,4.2,Power 5,43,3.7209302325581395,1.2209302325581395,0.7558139534883721,0.06976744186046512,33.875,11.125,19.0,1,1,1,1,1,1
2198,Kyle Van Noy,EDGE,BYU,75,243,4.71,32.5,21.0,112.0,7.22,4.2,Power 5,52,4.346153846153846,1.1826923076923077,0.4807692307692308,0.21153846153846154,31.625,9.625,16.0,1,1,1,1,1,1
2200,Jeoffrey Pagan,EDGE,Alabama,75,310,4.92,33.55744680851064,24.088372093023256,117.49130434782609,7.208514851485148,4.396206896551725,Power 5,32,1.875,0.234375,0.109375,0.03125,33.0,9.625,1.0,1,0,0,0,0,0
2207,Ronald Powell,EDGE,Florida,75,237,4.65,35.5,21.0,114.0,7.208514851485148,4.396206896551725,Power 5,35,2.257142857142857,0.5285714285714286,0.3142857142857143,0.02857142857142857,32.5,9.375,1.0,1,1,1,1,0,0
2230,Michael Sam,EDGE,Missouri,74,261,4.91,25.5,17.0,114.0,7.8,4.7,Power 5,52,2.1153846153846154,0.6057692307692307,0.3269230769230769,0.09615384615384616,33.375,9.375,0.0,1,1,1,1,1,1
2244,Chris Smith,EDGE,Arkansas,73,266,4.66,37.0,28.0,121.0,7.55,4.46,Power 5,43,2.8372093023255816,0.7093023255813954,0.5,0.046511627906976744,31.375,9.25,7.0,1,1,1,1,1,1
2246,Marcus Smith,EDGE,Louisville,75,251,4.66,35.0,23.0,121.0,7.48,4.47,Power 5,36,2.2777777777777777,0.9027777777777778,0.7083333333333334,0.2777777777777778,34.0,10.0,4.0,1,1,1,1,1,1
2251,Tyler Starr,EDGE,South Dakota,76,250,4.95,32.0,24.0,116.0,6.64,4.15,FCS,47,5.212765957446808,1.1170212765957446,0.48936170212765956,0.0851063829787234,32.5,9.5,0.0,1,1,1,1,1,1
2255,Ed Stinson,EDGE,Alabama,75,287,4.98,33.55744680851064,24.088372093023256,117.49130434782609,7.208514851485148,4.396206896551725,Power 5,49,2.122448979591837,0.3163265306122449,0.11224489795918367,0.02040816326530612,33.75,9.375,5.0,1,0,0,0,0,0
2277,Brent Urban,EDGE,Virginia,79,295,4.98,33.55744680851064,24.088372093023256,117.49130434782609,7.208514851485148,4.396206896551725,Power 5,33,2.272727272727273,0.48484848484848486,0.09090909090909091,0.06060606060606061,34.25,9.75,14.0,1,0,0,0,0,0
2310,Henry Anderson,EDGE,Stanford,78,294,4.97,30.0,24.088372093023256,111.0,7.2,4.19,Power 5,47,3.021276595744681,0.6702127659574468,0.3617021276595745,0.02127659574468085,33.5,9.75,18.0,1,1,0,1,1,1
2313,Arik Armstead,EDGE,Oregon,79,292,5.06,34.0,24.0,117.0,7.57,4.53,Power 5,35,2.4857142857142858,0.3,0.11428571428571428,0.02857142857142857,33.0,10.5,22.0,1,1,1,1,1,1
2318,Vic Beasley,EDGE,Clemson,75,246,4.53,41.0,35.0,130.0,6.91,4.15,Power 5,47,1.8936170212765957,1.1063829787234043,0.7021276595744681,0.14893617021276595,32.5,9.375,34.0,1,1,1,1,1,1
2346,Anthony Chickillo,EDGE,Miami (FL),75,267,4.79,34.5,27.0,114.0,7.17,4.25,Power 5,50,3.42,0.5,0.31,0.04,33.5,10.125,10.0,1,1,1,1,1,1
2349,Frank Clark,EDGE,Michigan,75,271,4.79,38.5,19.0,118.0,7.08,4.05,Power 5,45,2.5555555555555554,0.7888888888888889,0.25555555555555554,0.022222222222222223,34.375,10.125,32.0,1,1,1,1,1,1
2393,B.J. Dubose,EDGE,Louisville,76,284,5.06,33.55744680851064,26.0,117.49130434782609,7.208514851485148,4.396206896551725,Power 5,28,2.607142857142857,0.4642857142857143,0.21428571428571427,0.0,33.0,9.75,0.0,1,0,1,0,0,0
2394,Alvin Dupree,EDGE,Kentucky,76,269,4.56,42.0,24.088372093023256,138.0,7.208514851485148,4.396206896551725,Power 5,47,5.25531914893617,0.7872340425531915,0.5,0.0851063829787234,32.625,9.75,28.0,1,1,0,1,0,0
2398,Kyle Emanuel,EDGE,North Dakota State,75,255,4.77,34.0,27.0,120.0,7.1,4.25,FCS,56,5.714285714285714,0.9464285714285714,0.375,0.14285714285714285,31.0,9.375,17.0,1,1,1,1,1,1
2408,Trey Flowers,EDGE,Arkansas,74,266,4.93,36.5,28.0,121.0,7.34,4.4,Power 5,49,3.877551020408163,0.9693877551020408,0.3673469387755102,0.08163265306122448,34.25,10.0,32.0,1,1,1,1,1,1
2409,Dante Fowler,EDGE,Florida,75,261,4.6,32.5,19.0,112.0,7.4,4.32,Power 5,36,3.888888888888889,0.9166666666666666,0.4027777777777778,0.1388888888888889,33.75,9.5,22.0,1,1,1,1,1,1
2420,Markus Golden,EDGE,Missouri,74,260,4.9,33.55744680851064,24.088372093023256,117.49130434782609,7.208514851485148,4.396206896551725,Power 5,39,3.6666666666666665,0.8461538461538461,0.4230769230769231,0.1282051282051282,31.125,10.5,22.0,1,0,0,0,0,0
2431,Randy Gregory,EDGE,Nebraska,77,235,4.64,36.5,24.0,125.0,7.208514851485148,4.396206896551725,Power 5,24,4.958333333333333,1.0625,0.6875,0.08333333333333333,34.0,10.0,5.0,1,1,1,1,0,0
2435,Obum Gwacham,EDGE,Oregon State,77,246,4.72,36.0,22.0,121.0,7.28,4.28,Power 5,41,0.8780487804878049,0.13414634146341464,0.0975609756097561,0.024390243902439025,34.375,10.0,1.0,1,1,1,1,1,1
2443,Eli Harold,EDGE,Virginia,75,247,4.6,35.0,24.088372093023256,123.0,7.07,4.16,Power 5,36,3.9166666666666665,1.0138888888888888,0.4861111111111111,0.1111111111111111,33.0,9.375,12.0,1,1,0,1,1,1
2463,Danielle Hunter,EDGE,LSU,77,252,4.57,33.55744680851064,25.0,117.49130434782609,7.208514851485148,4.396206896551725,Power 5,38,3.736842105263158,0.5526315789473685,0.11842105263157894,0.05263157894736842,34.25,10.5,45.0,1,0,1,0,0,0
2464,Martin Ifedi,EDGE,Memphis,75,275,4.88,31.0,16.0,111.0,7.39,4.58,Group of 5,45,3.111111111111111,0.8,0.45555555555555555,0.08888888888888889,33.875,10.0,0.0,1,1,1,1,1,1
2480,Mario Edwards Jr.,EDGE,Florida State,75,279,4.76,32.5,32.0,120.0,7.44,4.55,Power 5,35,2.7142857142857144,0.6571428571428571,0.22857142857142856,0.08571428571428572,33.25,10.875,13.0,1,1,1,1,1,1
2482,Hau'oli Kikaha,EDGE,Washington,74,253,4.93,33.55744680851064,24.088372093023256,117.49130434782609,7.208514851485148,4.396206896551725,Power 5,43,4.790697674418604,1.186046511627907,0.8255813953488372,0.11627906976744186,32.5,9.625,5.0,1,0,0,0,0,0
2526,Owamagbe Odighizuwa,EDGE,UCLA,75,267,4.62,39.0,25.0,127.0,7.36,4.19,Power 5,51,2.6666666666666665,0.4803921568627451,0.24509803921568626,0.0,33.75,11.0,1.0,1,1,1,1,1,1
2528,Nate Orchard,EDGE,Utah,75,250,4.8,31.5,24.088372093023256,115.0,7.28,4.43,Power 5,24,5.541666666666667,1.2291666666666667,0.8958333333333334,0.25,33.75,10.125,8.0,1,1,0,1,1,1
2549,Shane Ray,EDGE,Missouri,75,245,4.68,33.55744680851064,21.0,117.49130434782609,7.208514851485148,4.396206896551725,Power 5,40,3.0,0.85,0.475,0.125,33.125,9.0,12.0,1,0,1,0,0,0
2561,Ryan Russell,EDGE,Purdue,76,269,4.75,32.5,25.0,119.0,7.25,4.47,Power 5,50,2.98,0.5,0.2,0.08,33.375,10.25,4.0,1,1,1,1,1,1
2581,Preston Smith,EDGE,Mississippi State,77,271,4.74,34.0,24.0,121.0,7.07,4.28,Power 5,47,2.851063829787234,0.574468085106383,0.3404255319148936,0.10638297872340426,34.0,10.625,35.0,1,1,1,1,1,1
2583,Za'Darius Smith,EDGE,Kentucky,76,274,4.83,29.0,23.0,113.0,7.42,4.66,Power 5,24,5.0,0.6041666666666666,0.4583333333333333,0.0,32.625,10.0,26.0,1,1,1,1,1,1
2598,Max Valles,EDGE,Virginia,77,251,4.83,36.5,24.088372093023256,121.0,7.59,4.37,Power 5,20,3.9,0.9,0.65,0.2,32.625,9.375,0.0,1,1,0,1,1,1
2645,Ronald Blair,EDGE,Appalachian State,74,284,5.15,30.0,32.0,113.0,7.95,4.53,Group of 5,25,4.56,1.28,0.54,0.04,34.0,10.25,6.0,1,1,1,1,1,1
2651,Joey Bosa,EDGE,Ohio State,77,269,4.86,32.0,24.0,120.0,6.89,4.21,Power 5,38,3.8947368421052633,1.3289473684210527,0.6842105263157895,0.13157894736842105,33.375,10.25,43.0,1,1,1,1,1,1
2671,Shilique Calhoun,EDGE,Michigan State,76,251,4.82,35.0,23.0,115.0,6.97,4.25,Power 5,54,2.425925925925926,0.8148148148148148,0.5,0.07407407407407407,34.25,9.875,5.0,1,1,1,1,1,1
2692,Kamalei Correa,EDGE,Boise State,75,243,4.69,33.0,21.0,108.0,7.208514851485148,4.396206896551725,Group of 5,37,2.972972972972973,0.8513513513513513,0.5405405405405406,0.13513513513513514,31.625,9.375,12.0,1,1,1,1,0,0
2707,Kevin Dodd,EDGE,Clemson,77,277,4.86,33.55744680851064,24.088372093023256,117.49130434782609,7.208514851485148,4.396206896551725,Power 5,35,2.342857142857143,0.7428571428571429,0.34285714285714286,0.02857142857142857,34.0,10.0,2.0,1,0,0,0,0,0
2721,Travis Feeney,EDGE,Washington,76,230,4.5,40.0,24.088372093023256,130.0,7.2,4.42,Power 5,52,4.75,0.6346153846153846,0.2980769230769231,0.09615384615384616,33.375,9.5,0.0,1,1,0,1,1,1
2723,Leonard Floyd,EDGE,Georgia,78,244,4.6,39.5,24.088372093023256,127.0,7.208514851485148,4.396206896551725,Power 5,38,4.842105263157895,0.75,0.4473684210526316,0.13157894736842105,33.125,10.125,40.0,1,1,0,1,0,0
2772,Jordan Jenkins,EDGE,Georgia,75,259,4.8,36.5,16.0,121.0,7.208514851485148,4.396206896551725,Power 5,52,3.9423076923076925,0.7692307692307693,0.36538461538461536,0.11538461538461539,34.25,11.25,31.0,1,1,1,1,0,0
2784,Matt Judon,EDGE,Grand Valley State,75,275,4.73,35.0,30.0,109.0,7.67,4.52,FCS,49,3.061224489795918,0.5816326530612245,0.41836734693877553,0.10204081632653061,33.875,9.5,37.0,1,1,1,1,1,1
2788,Bronson Kaufusi,EDGE,BYU,78,285,4.87,30.0,25.0,111.0,7.03,4.25,Power 5,50,3.42,0.88,0.53,0.1,34.5,9.75,2.0,1,1,1,1,1,1
2803,Shaq Lawson,EDGE,Clemson,75,269,4.7,33.0,24.088372093023256,120.0,7.16,4.21,Power 5,41,3.048780487804878,1.1341463414634145,0.4878048780487805,0.04878048780487805,32.75,10.0,18.0,1,1,0,1,1,1
2828,Alex McCalister,EDGE,Florida,78,239,4.8,34.5,24.088372093023256,128.0,7.01,4.0,Power 5,23,2.260869565217391,0.8043478260869565,0.5434782608695652,0.08695652173913043,36.0,9.375,0.0,1,1,0,1,1,1
2843,Carl Nassib,EDGE,Penn State,79,277,4.84,28.5,21.0,114.0,7.27,4.37,Power 5,32,2.03125,0.78125,0.546875,0.25,34.0,10.375,19.0,1,1,1,1,1,1
2847,Yannick Ngakoue,EDGE,Maryland,74,252,4.75,34.5,26.0,118.0,7.35,4.5,Power 5,30,2.8,1.0833333333333333,0.7166666666666667,0.06666666666666667,32.5,9.5,39.0,1,1,1,1,1,1
2848,Dadi Nicolas,EDGE,Virginia Tech,75,235,4.74,41.0,14.0,116.0,7.04,4.38,Power 5,47,3.5319148936170213,0.7659574468085106,0.3723404255319149,0.06382978723404255,34.75,10.375,1.0,1,1,1,1,1,1
2857,Emmanuel Ogbah,EDGE,Oklahoma State,76,273,4.63,35.5,20.0,121.0,7.26,4.5,Power 5,39,3.41025641025641,1.0384615384615385,0.717948717948718,0.10256410256410256,35.5,10.0,28.0,1,1,1,1,1,1
2906,Noah Spence,EDGE,East. Kentucky,74,251,4.8,35.0,25.0,121.0,7.21,4.35,Power 5,26,2.3846153846153846,0.5769230769230769,0.3269230769230769,0.038461538461538464,33.0,10.75,5.0,1,1,1,1,1,1
2914,Charles Tapper,EDGE,Oklahoma,75,271,4.59,34.0,23.0,119.0,7.208514851485148,4.396206896551725,Power 5,44,3.1136363636363638,0.6022727272727273,0.3522727272727273,0.11363636363636363,34.375,11.0,0.0,1,1,1,1,0,0
2970,Derek Barnett,EDGE,Tennessee,75,259,4.88,31.0,24.088372093023256,117.0,6.96,4.44,Power 5,39,5.051282051282051,1.3333333333333333,0.8461538461538461,0.07692307692307693,32.125,10.0,24.0,1,1,0,1,1,1
2971,Tarell Basham,EDGE,Ohio,76,269,4.7,31.5,15.0,119.0,7.27,4.35,Group of 5,51,3.0784313725490198,0.7843137254901961,0.5588235294117647,0.11764705882352941,34.25,10.25,14.0,1,1,1,1,1,1
2995,Josh Carraway,EDGE,TCU,75,242,4.74,29.5,25.0,120.0,7.2,4.44,Power 5,43,3.0930232558139537,0.6395348837209303,0.4418604651162791,0.06976744186046512,34.25,9.25,0.0,1,1,1,1,1,1
2999,Taco Charlton,EDGE,Michigan,78,277,4.92,33.0,25.0,116.0,7.17,4.39,Power 5,38,2.473684210526316,0.7236842105263158,0.4868421052631579,0.02631578947368421,34.25,9.75,10.0,1,1,1,1,1,1
3053,Myles Garrett,EDGE,Texas A&M,76,272,4.64,41.0,33.0,128.0,7.208514851485148,4.396206896551725,Power 5,36,4.027777777777778,1.3472222222222223,0.9027777777777778,0.19444444444444445,35.25,10.25,54.0,1,1,1,1,0,0
3065,Daeshon Hall,EDGE,Texas A&M,77,266,4.76,36.0,18.0,123.0,7.03,4.38,Power 5,47,3.425531914893617,0.776595744680851,0.3404255319148936,0.0851063829787234,35.0,9.625,1.0,1,1,1,1,1,1
3069,Charles Harris,EDGE,Missouri,75,253,4.82,32.0,21.0,109.0,7.47,4.42,Power 5,37,3.675675675675676,0.9324324324324325,0.4864864864864865,0.13513513513513514,32.375,9.625,12.0,1,1,1,1,1,1
3074,Trey Hendrickson,EDGE,Florida Atlantic,76,266,4.65,33.5,24.088372093023256,122.0,7.03,4.2,Group of 5,40,3.175,1.0375,0.7375,0.2,32.0,9.875,24.0,1,1,0,1,1,1
3112,Deatrich Wise Jr.,EDGE,Arkansas,77,274,4.92,33.0,22.0,124.0,7.208514851485148,4.396206896551725,Power 5,47,2.382978723404255,0.48936170212765956,0.35106382978723405,0.0851063829787234,35.625,10.5,24.0,1,1,1,1,0,0
3122,Tanoh Kpassagnon,EDGE,Villanova,79,289,4.83,30.0,23.0,128.0,7.46,4.62,FCS,50,2.94,0.65,0.38,0.12,35.625,10.625,18.0,1,1,1,1,1,1
3129,Carl Lawson,EDGE,Auburn,74,261,4.67,33.0,35.0,114.0,7.46,4.19,Power 5,31,2.161290322580645,0.7741935483870968,0.45161290322580644,0.0967741935483871,31.5,10.375,11.0,1,1,1,1,1,1
3156,Takkarist McKinley,EDGE,UCLA,74,250,4.59,33.0,24.0,122.0,7.48,4.62,Power 5,33,3.090909090909091,0.8787878787878788,0.5151515151515151,0.18181818181818182,34.75,9.75,16.0,1,1,1,1,1,1
3164,Avery Moss,EDGE,Youngstown State,75,264,4.79,32.5,14.0,114.0,7.25,4.43,FCS,46,2.152173913043478,0.5978260869565217,0.43478260869565216,0.06521739130434782,34.5,10.375,4.0,1,1,1,1,1,1
3166,Al-Quadin Muhammad,EDGE,Miami (FL),75,253,4.88,30.5,22.0,117.0,7.25,4.47,Power 5,18,3.3333333333333335,0.5833333333333334,0.3888888888888889,0.05555555555555555,33.25,9.375,14.0,1,1,1,1,1,1
3174,Ifeadi Odenigbo,EDGE,Northwestern,75,258,4.72,31.5,25.0,128.0,7.26,4.4,Power 5,47,1.297872340425532,0.5638297872340425,0.5,0.10638297872340426,32.625,10.5,11.0,1,1,1,1,1,1
3192,Haason Reddick,EDGE,Temple,73,237,4.52,36.5,24.0,133.0,7.01,4.37,Group of 5,46,3.217391304347826,1.0,0.391304347826087,0.08695652173913043,32.75,10.125,25.0,1,1,1,1,1,1
3198,Derek Rivers,EDGE,Youngstown State,76,248,4.61,35.0,30.0,123.0,6.94,4.4,FCS,51,3.450980392156863,0.5882352941176471,0.4019607843137255,0.11764705882352941,32.75,9.375,4.0,1,1,1,1,1,1
3227,Dawuane Smoot,EDGE,Illinois,75,264,4.77,29.5,24.088372093023256,117.0,7.18,4.39,Power 5,41,3.341463414634146,0.9390243902439024,0.4024390243902439,0.12195121951219512,33.25,9.25,14.0,1,1,0,1,1,1
3245,Solomon Thomas,EDGE,Stanford,75,273,4.69,35.0,30.0,126.0,6.95,4.28,Power 5,27,3.740740740740741,0.9444444444444444,0.42592592592592593,0.037037037037037035,33.0,9.375,17.0,1,1,1,1,1,1
3260,DeMarcus Walker,EDGE,Florida State,76,280,4.763778625954199,33.55744680851064,18.0,117.49130434782609,7.208514851485148,4.396206896551725,Power 5,50,3.64,0.9,0.57,0.16,33.0,10.5,9.0,0,0,1,0,0,0
3263,T.J. Watt,EDGE,Wisconsin,76,252,4.69,37.0,21.0,128.0,6.79,4.13,Power 5,27,2.6296296296296298,0.6296296296296297,0.42592592592592593,0.07407407407407407,33.125,11.0,65.0,1,1,1,1,1,1
3276,Jordan Willis,EDGE,Kansas State,76,255,4.53,39.0,24.0,125.0,6.85,4.28,Power 5,40,2.85,1.0125,0.65,0.175,33.5,9.875,8.0,1,1,1,1,1,1
3284,Kemoko Turay,EDGE,Rutgers,77,253,4.65,33.55744680851064,24.088372093023256,117.49130434782609,7.208514851485148,4.396206896551725,Power 5,44,2.340909090909091,0.4659090909090909,0.3522727272727273,0.022727272727272728,33.375,9.625,5.0,1,0,0,0,0,0
3295,Dorance Armstrong,EDGE,Kansas,76,257,4.87,30.0,20.0,118.0,7.12,4.23,Power 5,36,3.9444444444444446,0.9583333333333334,0.4305555555555556,0.16666666666666666,34.75,10.0,15.0,1,1,1,1,1,1
3296,Ade Aruna,EDGE,Tulane,78,262,4.6,38.5,18.0,128.0,7.53,4.48,Group of 5,44,2.4318181818181817,0.4318181818181818,0.2727272727272727,0.06818181818181818,34.0,10.625,0.0,1,1,1,1,1,1
3316,Andrew Brown,EDGE,Virginia,76,296,5.03,28.0,31.0,101.0,7.51,4.48,Power 5,41,2.292682926829268,0.6463414634146342,0.25609756097560976,0.024390243902439025,34.5,9.375,2.0,1,1,1,1,1,1
3331,Lorenzo Carter,EDGE,Georgia,78,250,4.5,36.0,24.088372093023256,130.0,7.208514851485148,4.396206896551725,Power 5,54,3.0555555555555554,0.37962962962962965,0.25925925925925924,0.12962962962962962,34.0,10.375,26.0,1,1,0,1,0,0
3336,Bradley Chubb,EDGE,North Carolina State,76,269,4.65,36.0,24.0,121.0,7.37,4.41,Power 5,49,4.163265306122449,1.2244897959183674,0.5306122448979592,0.1836734693877551,34.0,9.875,31.0,1,1,1,1,1,1
3353,Marcus Davenport,EDGE,Texas-San Antonio,78,264,4.58,33.5,22.0,124.0,7.2,4.41,Group of 5,46,4.043478260869565,0.8043478260869565,0.4673913043478261,0.13043478260869565,33.625,9.125,19.0,1,1,1,1,1,1
3367,Duke Ejiofor,EDGE,Wake Forest,76,264,4.763778625954199,33.55744680851064,24.088372093023256,117.49130434782609,7.208514851485148,4.396206896551725,Power 5,42,3.1666666666666665,1.0238095238095237,0.5595238095238095,0.09523809523809523,34.875,9.75,1.0,0,0,0,0,0,0
3378,Kylie Fitts,EDGE,Utah,76,263,4.69,32.5,31.0,117.0,6.88,4.19,Power 5,26,2.6538461538461537,0.5769230769230769,0.4423076923076923,0.19230769230769232,33.0,9.5,1.0,1,1,1,1,1,1
3385,John Franklin-Myers,EDGE,Stephen F. Austin,76,283,4.75,33.0,26.0,113.0,7.36,4.48,FCS,23,3.5652173913043477,0.6304347826086957,0.45652173913043476,0.08695652173913043,32.875,10.0,19.0,1,1,1,1,1,1
3396,Rasheem Green,EDGE,USC,77,275,4.73,32.5,24.088372093023256,118.0,7.24,4.39,Power 5,41,2.8536585365853657,0.4878048780487805,0.4024390243902439,0.07317073170731707,33.75,9.875,17.0,1,1,0,1,1,1
3407,Marquis Haynes,EDGE,Mississippi,75,235,4.67,32.0,23.0,123.0,7.14,4.45,Power 5,50,3.44,0.95,0.64,0.24,33.25,10.0,7.0,1,1,1,1,1,1
3419,Jalyn Holmes,EDGE,Ohio State,77,283,4.82,32.0,25.0,117.49130434782609,7.208514851485148,4.396206896551725,Power 5,48,1.75,0.2916666666666667,0.10416666666666667,0.0625,34.0,10.0,6.0,1,1,1,0,0,0
3420,Sam Hubbard,EDGE,Ohio State,77,270,4.763778625954199,35.0,24.088372093023256,116.0,6.84,4.32,Power 5,40,2.9,0.7375,0.425,0.075,33.125,10.0,32.0,0,1,0,1,1,1
3434,Leon Jacobs,EDGE,Wisconsin,75,246,4.48,34.5,26.0,122.0,7.14,4.44,Power 5,52,2.730769230769231,0.2980769230769231,0.125,0.019230769230769232,33.5,9.625,7.0,1,1,1,1,1,1
3450,Peter Kalambayi,EDGE,Stanford,75,252,4.57,34.0,19.0,121.0,7.13,4.36,Power 5,54,3.5185185185185186,0.5185185185185185,0.3425925925925926,0.037037037037037035,33.5,9.0,3.0,1,1,1,1,1,1
3454,Arden Key,EDGE,LSU,78,238,4.763778625954199,31.0,24.088372093023256,117.0,7.16,4.25,Power 5,31,4.193548387096774,0.8548387096774194,0.6774193548387096,0.12903225806451613,33.5,10.0,11.0,0,1,0,1,1,1
3459,Harold Landry,EDGE,Boston Col.,75,252,4.64,36.0,24.0,119.0,6.88,4.19,Power 5,47,3.404255319148936,1.0106382978723405,0.5531914893617021,0.2127659574468085,32.875,9.375,30.0,1,1,1,1,1,1
3466,Tyquan Lewis,EDGE,Ohio State,75,265,4.763778625954199,35.5,24.088372093023256,122.0,7.208514851485148,4.396206896551725,Power 5,53,2.1132075471698113,0.6886792452830188,0.44339622641509435,0.09433962264150944,33.75,10.375,11.0,0,1,0,1,0,0
3468,James Looney,EDGE,California,75,287,4.89,35.5,28.0,113.0,7.32,4.37,Power 5,40,3.325,0.525,0.2125,0.05,32.0,10.5,3.0,1,1,1,1,1,1
3501,Uchenna Nwosu,EDGE,USC,75,251,4.65,32.0,20.0,119.0,7.208514851485148,4.396206896551725,Power 5,53,3.169811320754717,0.3867924528301887,0.2358490566037736,0.018867924528301886,33.625,9.0,23.0,1,1,1,1,0,0
3505,Ogbonnia Okoronkwo,EDGE,Oklahoma,73,253,4.77,38.0,27.0,121.0,7.208514851485148,4.396206896551725,Power 5,46,3.5434782608695654,0.7282608695652174,0.43478260869565216,0.10869565217391304,33.75,9.0,10.0,1,1,1,1,0,0
3559,Kentavius Street,EDGE,North Carolina State,74,280,4.87,33.55744680851064,28.0,117.49130434782609,7.208514851485148,4.396206896551725,Power 5,51,2.372549019607843,0.38235294117647056,0.18627450980392157,0.0392156862745098,32.875,10.25,10.0,1,0,1,0,0,0
3563,Josh Sweat,EDGE,Florida State,76,251,4.53,39.5,24.088372093023256,124.0,7.208514851485148,4.28,Power 5,37,3.72972972972973,0.7837837837837838,0.3918918918918919,0.02702702702702703,34.625,10.25,22.0,1,1,0,1,0,1
3568,Chad Thomas,EDGE,Miami (FL),78,281,4.92,29.0,24.088372093023256,116.0,7.208514851485148,4.396206896551725,Power 5,48,2.1458333333333335,0.5416666666666666,0.21875,0.041666666666666664,33.5,10.25,5.0,1,1,0,1,0,0
3618,Trevon Young,EDGE,Louisville,76,258,4.78,33.0,25.0,114.0,6.99,4.4,Power 5,36,2.8055555555555554,0.6666666666666666,0.3888888888888889,0.05555555555555555,33.75,10.0,0.0,1,1,1,1,1,1
3625,Josh Allen,EDGE,Kentucky,77,262,4.63,33.55744680851064,28.0,118.0,7.15,4.23,Power 5,51,4.294117647058823,0.803921568627451,0.6176470588235294,0.21568627450980393,34.75,9.875,35.0,1,0,1,1,1,1
3639,Ben Banogu,EDGE,TCU,75,250,4.62,40.0,23.0,134.0,7.02,4.27,Power 5,40,3.775,1.225,0.55,0.175,33.625,9.0,4.0,1,1,1,1,1,1
3651,Nick Bosa,EDGE,Ohio State,76,266,4.79,33.5,29.0,116.0,7.1,4.14,Power 5,30,2.566666666666667,0.9666666666666667,0.5833333333333334,0.06666666666666667,33.0,10.75,54.0,1,1,1,1,1,1
3656,Jordan Brailford,EDGE,Oklahoma State,75,252,4.65,37.5,22.0,126.0,7.208514851485148,4.396206896551725,Power 5,37,3.6216216216216215,0.8243243243243243,0.40540540540540543,0.05405405405405406,32.5,9.125,1.0,1,1,1,1,0,0
3664,Austin Bryant,EDGE,Clemson,76,271,4.763778625954199,33.55744680851064,24.088372093023256,117.49130434782609,7.208514851485148,4.396206896551725,Power 5,50,2.58,0.72,0.4,0.04,34.625,9.625,5.0,0,0,0,0,0,0
3667,Brian Burns,EDGE,Florida State,77,249,4.53,36.0,24.088372093023256,129.0,7.01,4.396206896551725,Power 5,38,3.263157894736842,1.0394736842105263,0.631578947368421,0.18421052631578946,33.875,10.0,39.0,1,1,0,1,1,0
3687,Maxx Crosby,EDGE,East. Michigan,77,255,4.66,36.0,24.088372093023256,122.0,6.89,4.13,Group of 5,37,4.378378378378378,1.1081081081081081,0.5405405405405406,0.21621621621621623,32.875,9.75,51.0,1,1,0,1,1,1
3716,Clelin Ferrell,EDGE,Clemson,76,264,4.763778625954199,33.55744680851064,25.0,117.49130434782609,7.26,4.4,Power 5,45,3.6666666666666665,1.1111111111111112,0.6,0.1111111111111111,34.125,10.5,21.0,0,0,1,0,1,1
3728,Rashan Gary,EDGE,Michigan,76,277,4.58,38.0,26.0,120.0,7.26,4.29,Power 5,35,3.8857142857142857,0.7,0.3,0.02857142857142857,34.125,9.625,22.0,1,1,1,1,1,1
3739,Gerri Green,EDGE,Mississippi State,76,252,4.63,35.0,24.0,114.0,7.27,4.42,Power 5,52,3.0961538461538463,0.3942307692307692,0.16346153846153846,0.057692307692307696,33.0,10.0,0.0,1,1,1,1,1,1
3767,Justin Hollins,EDGE,Oregon,77,248,4.5,36.5,25.0,119.0,7.06,4.4,Power 5,52,3.5384615384615383,0.7019230769230769,0.25,0.15384615384615385,33.375,10.375,9.0,1,1,1,1,1,1
3779,Joe Jackson,EDGE,Miami (FL),76,275,4.763778625954199,27.0,22.0,109.0,7.208514851485148,4.396206896551725,Power 5,39,3.5384615384615383,0.9615384615384616,0.6153846153846154,0.1282051282051282,34.125,10.0,1.0,0,1,1,1,0,0
3785,Jalen Jelks,EDGE,Oregon,77,256,4.92,32.5,19.0,113.0,7.22,4.59,Power 5,44,3.5454545454545454,0.6704545454545454,0.3409090909090909,0.045454545454545456,34.625,9.625,0.0,1,1,1,1,1,1
3790,Darryl Johnson,EDGE,North Carolina A&T,78,253,4.763778625954199,33.55744680851064,20.0,117.49130434782609,7.208514851485148,4.396206896551725,FCS,45,2.6444444444444444,0.9333333333333333,0.6444444444444445,0.17777777777777778,33.875,10.0,4.0,0,0,1,0,0,0
3800,Dre'Mont Jones,EDGE,Ohio State,75,281,5.12,31.5,24.088372093023256,110.0,7.71,4.53,Power 5,39,2.948717948717949,0.5641025641025641,0.24358974358974358,0.02564102564102564,33.75,9.625,25.0,1,1,0,1,1,1
3833,Christian Miller,EDGE,Alabama,75,247,4.763778625954199,38.5,24.088372093023256,118.0,7.208514851485148,4.396206896551725,Power 5,45,1.288888888888889,0.35555555555555557,0.25555555555555554,0.0,33.0,10.0,1.0,0,1,0,1,0,0
3835,Shareef Miller,EDGE,Penn State,76,254,4.69,29.5,16.0,117.49130434782609,7.208514851485148,4.45,Power 5,40,2.5,0.7875,0.3625,0.025,33.625,10.125,0.0,1,1,1,0,0,1
3847,Anthony Nelson,EDGE,Iowa,79,271,4.82,35.5,18.0,118.0,6.95,4.23,Power 5,39,3.051282051282051,0.7948717948717948,0.5897435897435898,0.10256410256410256,34.875,9.875,12.0,1,1,1,1,1,1
3853,Charles Omenihu,EDGE,Texas,77,280,4.92,36.5,24.088372093023256,115.0,7.48,4.36,Power 5,50,2.34,0.61,0.34,0.08,36.0,9.375,11.0,1,1,0,1,1,1
3860,Jachai Polite,EDGE,Florida,75,258,4.84,32.0,24.088372093023256,117.49130434782609,7.208514851485148,4.396206896551725,Power 5,32,2.4375,0.828125,0.46875,0.25,32.625,9.75,1.0,1,1,0,0,0,0
3898,Sutton Smith,EDGE,Northern Illinois,72,233,4.69,31.5,25.0,118.0,6.75,4.32,Group of 5,39,3.5641025641025643,1.4871794871794872,0.7692307692307693,0.1794871794871795,30.75,9.0,0.0,1,1,1,1,1,1
3904,Montez Sweat,EDGE,Mississippi State,78,260,4.41,36.0,21.0,125.0,7.0,4.29,Power 5,30,3.5,1.0,0.75,0.03333333333333333,35.75,10.5,39.0,1,1,1,1,1,1
3922,D'Andre Walker,EDGE,Georgia,74,251,4.763778625954199,33.55744680851064,24.088372093023256,117.49130434782609,7.208514851485148,4.396206896551725,Power 5,54,2.0925925925925926,0.5092592592592593,0.25,0.09259259259259259,33.75,10.125,0.0,0,0,0,0,0,0
3947,Chase Winovich,EDGE,Michigan,75,256,4.59,30.5,18.0,116.0,6.94,4.11,Power 5,44,4.181818181818182,1.0113636363636365,0.4090909090909091,0.06818181818181818,32.75,10.0,11.0,1,1,1,1,1,1
3953,Oshane Ximines,EDGE,Old Dominion,75,253,4.78,34.0,24.0,118.0,7.13,4.57,Group of 5,50,3.52,1.03,0.66,0.22,33.0,9.875,8.0,1,1,1,1,1,1
3961,Bradlee Anae,EDGE,Utah,75,257,4.93,31.0,25.0,115.0,7.44,4.43,Power 5,47,2.872340425531915,0.8829787234042553,0.6382978723404256,0.1276595744680851,32.125,10.125,1.0,1,1,1,1,1,1
4026,Marlon Davidson,EDGE,Auburn,75,303,5.04,33.55744680851064,21.0,117.49130434782609,7.208514851485148,4.396206896551725,Power 5,51,3.4313725490196076,0.5784313725490197,0.3333333333333333,0.0784313725490196,33.0,10.0,5.0,1,0,1,0,0,0
4052,A.J. Epenesa,EDGE,Iowa,77,275,5.04,32.5,17.0,117.0,7.34,4.46,Power 5,39,2.58974358974359,0.9358974358974359,0.6794871794871795,0.23076923076923078,34.5,10.125,17.0,1,1,1,1,1,1
4065,Jonathan Garvin,EDGE,Miami,76,263,4.82,36.0,23.0,125.0,7.208514851485148,4.396206896551725,Power 5,37,2.864864864864865,0.7837837837837838,0.33783783783783783,0.10810810810810811,34.0,9.625,3.0,1,1,1,1,0,0
4068,Trevis Gipson,EDGE,Tulsa,75,261,4.763778625954199,33.55744680851064,25.0,117.49130434782609,7.208514851485148,4.396206896551725,Group of 5,49,2.326530612244898,0.5204081632653061,0.2653061224489796,0.16326530612244897,33.875,9.625,10.0,0,0,1,0,0,0
4072,Jonathan Greenard,EDGE,Florida,75,263,4.87,30.5,22.0,113.0,7.13,4.34,Power 5,37,3.2972972972972974,1.027027027027027,0.5135135135135135,0.10810810810810811,34.875,9.25,29.0,1,1,1,1,1,1
4073,Yetur Gross-Matos,EDGE,Penn State,77,266,4.763778625954199,34.0,20.0,120.0,7.208514851485148,4.396206896551725,Power 5,38,2.9210526315789473,0.9736842105263158,0.5,0.05263157894736842,34.875,9.75,18.0,0,1,1,1,0,0
4094,Alex Highsmith,EDGE,Charlotte,75,248,4.7,33.0,24.088372093023256,125.0,7.32,4.31,Group of 5,48,3.8541666666666665,0.9583333333333334,0.4166666666666667,0.0625,33.125,9.125,33.0,1,1,0,1,1,1
4137,Khalid Kareem,EDGE,Notre Dame,76,268,4.763778625954199,33.55744680851064,24.088372093023256,117.49130434782609,7.208514851485148,4.396206896551725,Power 5,42,2.5952380952380953,0.6190476190476191,0.30952380952380953,0.09523809523809523,34.375,10.875,2.0,0,0,0,0,0,0
4184,Julian Okwara,EDGE,Notre Dame,76,252,4.763778625954199,33.55744680851064,27.0,117.49130434782609,7.208514851485148,4.396206896551725,Power 5,45,1.711111111111111,0.5111111111111111,0.32222222222222224,0.08888888888888889,34.375,10.25,5.0,0,0,1,0,0,0
4219,Alton Robinson,EDGE,Syracuse,75,264,4.69,35.5,25.0,119.0,7.32,4.32,Power 5,36,3.1944444444444446,0.9027777777777778,0.5416666666666666,0.1388888888888889,32.375,9.25,4.0,1,1,1,1,1,1
4240,Jason Strowbridge,EDGE,North Carolina,76,275,4.89,31.0,26.0,113.0,7.45,4.37,Power 5,44,2.8863636363636362,0.5,0.26136363636363635,0.045454545454545456,32.375,10.125,1.0,1,1,1,1,1,1
4262,Derrek Tuszka,EDGE,North Dakota State,76,251,4.79,33.5,24.0,120.0,6.87,4.34,FCS,63,1.8888888888888888,0.7857142857142857,0.46825396825396826,0.09523809523809523,31.375,9.875,3.0,1,1,1,1,1,1
4287,D.J. Wonnum,EDGE,South Carolina,77,258,4.73,34.5,20.0,123.0,7.25,4.44,Power 5,43,3.186046511627907,0.686046511627907,0.32558139534883723,0.023255813953488372,34.125,10.5,21.0,1,1,1,1,1,1
4290,Chase Young,EDGE,Ohio State,77,264,4.763778625954199,33.55744680851064,24.088372093023256,117.49130434782609,7.208514851485148,4.396206896551725,Power 5,36,2.75,1.1805555555555556,0.8472222222222222,0.25,33.75,10.0,24.0,0,0,0,0,0,0
4291,Jabari Zuniga,EDGE,Florida,75,264,4.64,33.0,29.0,127.0,7.208514851485148,4.396206896551725,Power 5,42,2.8095238095238093,0.8214285714285714,0.44047619047619047,0.023809523809523808,32.875,10.375,1.0,1,1,1,1,0,0
